{
    "horz_mode": {
        "type": "int",
        "low": 0,
        "high": 4
    },
    "light_pos": {
        "type": "uniform",
        "low": [-150, 170, -150],
        "high": [150, 220, 150],
        "size": 3
    },
    "camera_noise": {
        "type": "uniform",
        "low": -0.005,
        "high": 0.005,
        "size": 3
    },
    "trim": {
        "type": "normal",
        "loc": 0,
        "scale": 0.02
    },
    "camera_height": {
        "type": "uniform",
        "low": 0.92,
        "high": 1.08
    },
    "camera_angle": {
        "type": "uniform",
        "low": 0.8,
        "high": 1.2
    },
    "camera_fov_y": {
        "type": "uniform",
        "low": 0.8,
        "high": 1.2
    }
}